{"test_loss":0.5155226431890625,"_timestamp":1.7468533225939302e+09,"_runtime":1231.249100669,"_step":49,"_wandb":{"runtime":1231},"lr":0.0001,"train_loss":0.09148988416643214,"test_acc":0.8634639978408813}