{"train_loss":2.4538161563313405,"test_acc":0.2654867470264435,"test_loss":2.4394578478580478,"_timestamp":1.7468520037205846e+09,"_runtime":29.823490816,"_wandb":{"runtime":29},"_step":0,"lr":9.960967771506667e-05}