{"_step":9,"lr":6.57963412215599e-05,"train_loss":0.8380637811976792,"_wandb":{"runtime":256},"test_acc":0.8394437432289124,"test_loss":1.0058005151495468,"_timestamp":1.7468544450279958e+09,"_runtime":256.802942727}