{"test_acc":0.6738306283950806,"test_loss":2.188290687336783,"_timestamp":1.7468549491538095e+09,"_wandb":{"runtime":56},"_runtime":56.899285066,"_step":1,"lr":9.844486647586725e-05,"train_loss":2.2454479457658643}