{"_timestamp":1.746854686770813e+09,"_runtime":169.950615486,"_step":5,"lr":8.658394705735987e-05,"train_loss":1.32946913544057,"test_acc":0.786346435546875,"_wandb":{"runtime":169},"test_loss":1.4370663823128953}