{"_timestamp":1.7468583686048694e+09,"_runtime":2562.468815345,"_step":99,"_wandb":{"runtime":2562},"lr":0.0001,"train_loss":0.01959013319844641,"test_acc":0.8305942416191101,"test_loss":1.0190286175444263}